1,Cold Brew,4.35,La Colombe Cold Brew,https://d1ouk4tp1vcuss.cloudfront.net/s3.amazonaws.com/ODNUploads/689c7fc167c48e0ed5772a11cf68e8096e5dd7f757b0fdda57d2302995f74c939b8a4a8af17974579f1e59be10cb0a43e5f632ce915eeba63c6d237a0902fc23b2cfbf28352a4.jpeg?mode=crop&v=1&width=250&height=200,"Smooth and bold with a clean finish. Cold brew with sugar, refreshing and energizing."
2,Cold Brew Latte,5.95,La Colombe Cold Brew,https://d1ouk4tp1vcuss.cloudfront.net/s3.amazonaws.com/ODNUploads/689c7fc1a16f90650e055b2c214be74f7d6dcc4cbe907510ca04c75bdf8bda2f3777eb00b79c6fe5433bdc6c57f322e439c286b8ac38b1d4acf0e9cd71bbdc05d652f20afd359.jpeg?mode=crop&v=1&width=250&height=200,"A smooth blend of cold brew, your choice of oat or lactose-free milk, and a touch of sweetness. Creamy, balanced, and made to keep you going"
3,Cold Brew Milk Cap,6.35,La Colombe Cold Brew,https://d1ouk4tp1vcuss.cloudfront.net/s3.amazonaws.com/ODNUploads/689c7fc1cb16053ae23655759149852c8e20442f8029e738f726346f8419ab84571eaa82f4135870dabb4a7c754cfb9c193efd550d39c2557a8384fb18331f5ca1a9f6ffde3f6.jpeg?mode=crop&v=1&width=250&height=200,"Bold cold brew sweetened and topped with our signature milk cap for a creamy, velvety finish. A smooth twist on your daily caffeine fix."
4,Cold Brew Slush,6.35,La Colombe Cold Brew,https://d1ouk4tp1vcuss.cloudfront.net/s3.amazonaws.com/ODNUploads/689c7fc22399fe26c9007cfb927706ea55d0bae666b836698d761521b05e80235870669241e45cc02fb837de5760213aba60227c58a319e0594a1758aac4b7fb6fd373fcbecf7.jpeg?mode=crop&v=1&width=250&height=200,"A bold and creamy frozen blend of cold brew and sweetness. Smooth, refreshing, and perfect for a cool caffeine kick."
5,Rose Berry & Blush,5.9,Milk Tea,https://d1ouk4tp1vcuss.cloudfront.net/s3.amazonaws.com/ODNUploads/68afe8eb3ea6f17a918f0599903c80ccf9587c641171317d407c2efa470743c90c7e551b0bc632dc7c0263a1843289a663743ddac41f5992f9c124b553f62620a38423f922ea8.jpeg?mode=crop&v=1&width=250&height=200,"A gorgeously pink swirl of rosehip, berries, and silky milk tea - Rosy, cozy, and oh-so-tasty! We're blushing just thinking about it."
6,Classic Milk Tea,4.75,Milk Tea,https://d1ouk4tp1vcuss.cloudfront.net/s3.amazonaws.com/ODNUploads/6622f9bd6fe63aef3c6cd21ee858b1f606692cb7fef9804829dff23b4b47e5beb63a31a4cc61786f6aaf81bbfa12f2aab773e801807004ac231eff61adfe7e38b535df55227b0.jpeg?mode=crop&v=1&width=250&height=200,"Earl grey tea, cane sugar, & milk powder. Our signature drink!"
7,Lavender Milk Tea,4.95,Milk Tea,https://d1ouk4tp1vcuss.cloudfront.net/s3.amazonaws.com/ODNUploads/677582dfb20623ec3726ae15d5b93af4ca879ab70c6c97fb068000dd04905ded35c23b6601ebc1945b6ea8c52a69d50d1d49ffeceeec4ca3525f6894936b7085f3295045873e4.jpeg?mode=crop&v=1&width=250&height=200,"Infused with lavender, this milk tea packs a bold creamy flavor with subtle floral notes for a delicious finish."
8,Taro Milk Tea,4.95,Milk Tea,https://d1ouk4tp1vcuss.cloudfront.net/s3.amazonaws.com/ODNUploads/6627df3ef06d4f427cf709e195caf269a4cdefcda23b2247f412ee3c96c132440ff3473c060807b9bd360bd0d0173953a46b1678578d5387befce9d9c87d2ccc266d6ab491db5.jpeg?mode=crop&v=1&width=250&height=200,"Taro, earl grey tea, & milk powder. Sweet & creamy."
9,Thai Milk Tea,4.75,Milk Tea,https://d1ouk4tp1vcuss.cloudfront.net/s3.amazonaws.com/ODNUploads/66e453ea5a3a2cf2a1d5576c03e714a0fb1d5b69929f746b473498738195acb06174b0438f5406f3cddbf12d06ac6458d5f262c3b3c65d5ac884fb50512465c2abb170f719504.jpeg?mode=crop&v=1&width=250&height=200,Delicious thai milk tea sweetened with cane sugar. No artificial coloring.
10,Coconut Milk Tea,4.95,Milk Tea,https://d1ouk4tp1vcuss.cloudfront.net/s3.amazonaws.com/ODNUploads/663ea7e14a93005d0547e56b9ec6c548b6e8036519a83826dd9136fcacb44f06e94c4a08cba4cd484d38aaf96c3594b5f086d0a56aff638b1511978849e5c8c7159a3a4bc4445.jpeg?mode=crop&v=1&width=250&height=200,"Coconut, earl grey tea, & milk powder. Rich & nutty."
11,Oolong Milk Tea,4.75,Milk Tea,https://d1ouk4tp1vcuss.cloudfront.net/s3.amazonaws.com/ODNUploads/65fb54246ea561acfb2f97eaed5248a2f969b0b4824a5811a40a7c0e2cabdceca3ba5bdc6757eb129cb8fb06018eca5926440e9cf39c65bbd920cd21c550a43f9a7a8533185f1.jpeg?mode=crop&v=1&width=250&height=200,Toasty oolong tea & milk powder. Sweet & smooth.
12,Coffee Milk Tea,4.95,Milk Tea,https://d1ouk4tp1vcuss.cloudfront.net/s3.amazonaws.com/ODNUploads/6611e5ba2bd37aef3c6cd21ee858b1f606692cb7fef9804829dff23b4b47e5beb63a31a4cc61786f6aaf81bbfa12f2aab773e801807004ac231eff61adfe7e38b535df55227b0.jpeg?mode=crop&v=1&width=250&height=200,"Signature Kung Fu Milk Tea with a kick of espresso. Sweet, bold, & creamy."
13,Winter Melon Milk Green Tea,4.95,Milk Tea,https://d1ouk4tp1vcuss.cloudfront.net/s3.amazonaws.com/ODNUploads/66034a24353e7b0d66ab53d6075207d625dbd9aab78b79344d8e3f569592238ab69bff80d1c5767a4ccc43d26f214d52e2607520b60a1da555056bf323a3296e9d1e4fac491dc.jpeg?mode=crop&v=1&width=250&height=200,"Refreshing winter melon, jasmine green tea, & milk powder. Sweet & smooth."
14,Strawberry Milk Tea,4.95,Milk Tea,https://d1ouk4tp1vcuss.cloudfront.net/s3.amazonaws.com/ODNUploads/6611d91473722feea1f9407eb2e09063daf7fcf3065044c7b27969d5e85288d5f1a55ed046cc7678c14ca16ec8c5ff7c4c1d776a80df6402a08df67a5588c5be9928ca1d2b3b2.jpeg?mode=crop&v=1&width=250&height=200,A delightful creamy blend of strawberry with our signature black milk tea.
15,KF Milk Green Tea,4.75,Milk Tea,https://d1ouk4tp1vcuss.cloudfront.net/s3.amazonaws.com/ODNUploads/65fb542449b72cb1dccdaa86e83d863cb86e6160f100123cae4362a4d91be0f37964a1c425b5d433747311e03559ae09e814b05f26be93527290999545a621432a592bada94da.jpeg?mode=crop&v=1&width=250&height=200,Jasmine green tea & milk powder. Sweetened with natural cane sugar
16,Honey Oolong Milk Tea,4.95,Milk Tea,https://d1ouk4tp1vcuss.cloudfront.net/s3.amazonaws.com/ODNUploads/6612e18843115b5d36159ee057ba0455fdfb41b9b25ae41e06cdf2a8315e56c358b72d86c133ae1f277568531733354433f2fcbce5b8c072218a160123e1d0826d9a81322e40d.jpeg?mode=crop&v=1&width=250&height=200,"Longan honey, milk powder, & golden oolong tea. Smooth & toasty."
17,Honey Milk Tea,4.95,Milk Tea,https://d1ouk4tp1vcuss.cloudfront.net/s3.amazonaws.com/ODNUploads/66074c773db47aef3c6cd21ee858b1f606692cb7fef9804829dff23b4b47e5beb63a31a4cc61786f6aaf81bbfa12f2aab773e801807004ac231eff61adfe7e38b535df55227b0.jpeg?mode=crop&v=1&width=250&height=200,"Longan honey, milk powder, & earl grey tea. Sweet & smooth."
18,Honeydew Milk Tea,4.95,Milk Tea,https://d1ouk4tp1vcuss.cloudfront.net/s3.amazonaws.com/ODNUploads/66124532367e9522c9888f1d939c1e589eef28b9f2534fa240c97e016e73aa7719dcd78ba35ca20727cc8bac50b14f73648815317909401c84365c46d347e416ee6cd937c00d8.jpeg?mode=crop&v=1&width=250&height=200,Our signature green milk tea is infused with the sweet and fruity essence of ripe melon.
19,Taro Milk Green Tea,4.95,Milk Tea,https://d1ouk4tp1vcuss.cloudfront.net/s3.amazonaws.com/ODNUploads/65fb6192cd5374faeaacbc5fa3f46d2af5324c11aa6a1f016a24844afdec6a90232eb6da42a464d152b4cfe08d735b2b264af086eeb24797ba08559bf056c1e335ff2209acd69.jpeg?mode=crop&v=1&width=250&height=200,"Taro, jasmine green tea, & milk powder. Sweet & creamy."
20,Mango Milk Tea,4.95,Milk Tea,https://d1ouk4tp1vcuss.cloudfront.net/s3.amazonaws.com/ODNUploads/670df55d052a2bef2c1c5bb0c1dfe39b0ce689faaad62e6edf324309737f90a0078467e9f81ed162f291a3671b3189f3ba24e3eb06ed2f2150c23e33fe7da7ea4cfd433d07749.jpeg?mode=crop&v=1&width=250&height=200,A sweet and tropical delight with our oolong tea.
21,Rosehip Milk Tea,4.95,Milk Tea,https://d1ouk4tp1vcuss.cloudfront.net/s3.amazonaws.com/ODNUploads/661acb5e047dc9dd8e7beca44fbca502b0f20714eafe1de9bb470d739ec04c4b35235cc75a339e796651a221c7b161a11f2d145ed958c40d8518fe44bd1d170353ad4881d4b8d.jpeg?mode=crop&v=1&width=250&height=200,Earl grey tea with hints of rosehip & blueberry. Smooth & fruity.
22,Almond Milk Tea,4.95,Milk Tea,https://d1ouk4tp1vcuss.cloudfront.net/s3.amazonaws.com/ODNUploads/670df55d370837d0ac8d7d73b9ee77fb821336c963a451fbc81b03c5d31397df07ead109fcd914e0bce2961db5299c8a25a31a6089f74884e43f6e1b6a6f7e515fb53be7a2be2.jpeg?mode=crop&v=1&width=250&height=200,"Almond, earl grey tea, & milk powder. Sweet & nutty."
23,Peach Milk Tea,4.95,Milk Tea,https://d1ouk4tp1vcuss.cloudfront.net/s3.amazonaws.com/ODNUploads/664d6ebc5f0f7e589cc5cac5a83f0073490ceeda67135342912b6fa86a1c7bd3450c9fcbac841a7d799e83952dd86e3df42cc8b37c29e96ce869a1891564ed0d473eb1460b28b.jpeg?mode=crop&v=1&width=250&height=200,The Peach Milk Tea is the perfect combination of delicate floral notes from the peach while still being all things creamy and decadent.
24,Honey Milk Green Tea,4.95,Milk Tea,https://d1ouk4tp1vcuss.cloudfront.net/s3.amazonaws.com/ODNUploads/66034a2474d1ab5d36159ee057ba0455fdfb41b9b25ae41e06cdf2a8315e56c358b72d86c133ae1f277568531733354433f2fcbce5b8c072218a160123e1d0826d9a81322e40d.jpeg?mode=crop&v=1&width=250&height=200,"Longan honey, milk powder, & jasmine green tea. Sweet & fragrant."
25,Toffee Thai Tea,4.95,Milk Tea,https://d1ouk4tp1vcuss.cloudfront.net/s3.amazonaws.com/ODNUploads/67069aeb4654fcf2a1d5576c03e714a0fb1d5b69929f746b473498738195acb06174b0438f5406f3cddbf12d06ac6458d5f262c3b3c65d5ac884fb50512465c2abb170f719504.jpeg?mode=crop&v=1&width=250&height=200,"Our Thai tea blends seamlessly with lusciously sweet, buttery undertones of toffee."
26,Espresso Thai Tea,4.95,Milk Tea,https://d1ouk4tp1vcuss.cloudfront.net/s3.amazonaws.com/ODNUploads/67069aebbab12cf2a1d5576c03e714a0fb1d5b69929f746b473498738195acb06174b0438f5406f3cddbf12d06ac6458d5f262c3b3c65d5ac884fb50512465c2abb170f719504.jpeg?mode=crop&v=1&width=250&height=200,"An invigorating kick of coffee, making it a perfect choice for those seeking a delightful twist to their Thai Milk Tea."
27,Malted Thai Milk Tea,4.75,Milk Tea,https://d1ouk4tp1vcuss.cloudfront.net/s3.amazonaws.com/ODNUploads/670e873ba643dcf2a1d5576c03e714a0fb1d5b69929f746b473498738195acb06174b0438f5406f3cddbf12d06ac6458d5f262c3b3c65d5ac884fb50512465c2abb170f719504.jpeg?mode=crop&v=1&width=250&height=200,The essence of malt adds a depth of flavor to our already beloved thai milk tea.
28,Malted Black Milk Tea,4.75,Milk Tea,https://d1ouk4tp1vcuss.cloudfront.net/s3.amazonaws.com/ODNUploads/66072d8c15abb8ff44e20f32fb35928a3220e70a770395121d1fdcb698f0856f7de129aed1b8df7995ccc6777a67650c7b2ad513cadfc2dfba1f2c07df15b552138279c3bb494.jpeg?mode=crop&v=1&width=250&height=200,The essence of malt adds a depth of flavor to our already beloved milk tea.
29,Malted Oolong Milk Tea,4.75,Milk Tea,https://d1ouk4tp1vcuss.cloudfront.net/s3.amazonaws.com/ODNUploads/66072d8bbc9d68ff44e20f32fb35928a3220e70a770395121d1fdcb698f0856f7de129aed1b8df7995ccc6777a67650c7b2ad513cadfc2dfba1f2c07df15b552138279c3bb494.jpeg?mode=crop&v=1&width=250&height=200,The essence of malt adds a depth of flavor to our already beloved oolong milk tea.
30,Winter Melon Coconut Milk Tea,4.95,Milk Tea,https://d1ouk4tp1vcuss.cloudfront.net/s3.amazonaws.com/ODNUploads/66072d8b917fc8ff44e20f32fb35928a3220e70a770395121d1fdcb698f0856f7de129aed1b8df7995ccc6777a67650c7b2ad513cadfc2dfba1f2c07df15b552138279c3bb494.jpeg?mode=crop&v=1&width=250&height=200,The essence of malt adds a depth of flavor to our already beloved milk green tea.
31,Pumpkin Oolong Milk Tea,4.95,Seasonal,https://d1ouk4tp1vcuss.cloudfront.net/s3.amazonaws.com/ODNUploads/68d0d9930c08b8e1d08788fee027a919bb9109ab907b95a41e8928264358044a8993ef903bc1a3943f62ad2b38de4270b7a962eb3ad68af438842bd8d927775f422b9b7c3f871.jpeg?mode=crop&v=1&width=250&height=200,Fragrant oolong tea layered with silky pumpkin for a rich and aromatic fall favorite.
32,Caramel Milk Tea,4.75,Milk Tea,https://d1ouk4tp1vcuss.cloudfront.net/s3.amazonaws.com/ODNUploads/669fd49fa60a2872fd832661211ae03a292d3ff40a83a947a40118c1624213b070a1260871c2a1f640d134c14d611a0162e4b462400568401a66fa09567117f6ca01b02b46c56.jpeg?mode=crop&v=1&width=250&height=200,A rich and creamy classic with hints of caramel.
33,Strawberry Matcha Cream,6.7,Matcha,https://d1ouk4tp1vcuss.cloudfront.net/s3.amazonaws.com/ODNUploads/67ebf875350086b66c31abb2e6a0d7026c500d318f039d8db3acd3823e3d8a6d1ddf4ab379909068e99e02376d151a28c675728e81a44dc876fcc0727b8b75534b2a9b7753d04.jpeg?mode=crop&v=1&width=250&height=200,"Creamy strawberry milk topped with a rich, velvety matcha milk cap, sweet, nostalgic, and berry delightful."
34,Mango Matcha Cream,6.75,Matcha,https://d1ouk4tp1vcuss.cloudfront.net/s3.amazonaws.com/ODNUploads/67ebf8755ee390d420954d3236bec1e00a409ee95479b791ea218f850a75e156d14aac26dbd4b3cdc151a612f1fb147ecf230db75ca20d51f81c37116ba8ca496a1edeb406292.jpeg?mode=crop&v=1&width=250&height=200,"A smooth blend of juicy mango and creamy milk, topped with our rich matcha milk cap."
35,Peach Matcha Cream,6.75,Matcha,https://d1ouk4tp1vcuss.cloudfront.net/s3.amazonaws.com/ODNUploads/67ebf8759108f0d420954d3236bec1e00a409ee95479b791ea218f850a75e156d14aac26dbd4b3cdc151a612f1fb147ecf230db75ca20d51f81c37116ba8ca496a1edeb406292.jpeg?mode=crop&v=1&width=250&height=200,"A sweet blend of peaches and creams, topped with our rich matcha milk cap."
36,Matcha Lemonade,4.75,Matcha,https://d1ouk4tp1vcuss.cloudfront.net/s3.amazonaws.com/ODNUploads/67ebf875c8c0ee9dcb3c263df4ed9eda3646a3d242c63f1566c5c946633d9aebf61a727834b87d6a250b35112f0252c996d95d15f06ad25426a6a525a02ad42c2824e74563499.jpeg?mode=crop&v=1&width=250&height=200,A refreshing mix of zesty lemonade and smooth matcha creates a bold and energizing sip.
37,Mango Slush,5.75,Slush,https://d1ouk4tp1vcuss.cloudfront.net/s3.amazonaws.com/ODNUploads/66198637a9b6bacc452a35585ea4a51c4ce7190d4d0fa2d61730a421a0970bd943a61a97c199fc6c8ea096346b4cfeaa4f01617fbecf5ce9210c3b793f4b9cb10bc42f6f95f2d.jpeg?mode=crop&v=1&width=250&height=200,Sweet & refreshing mango blended with ice.
38,Chocolate Matcha Slush,5.8,Slush,https://d1ouk4tp1vcuss.cloudfront.net/s3.amazonaws.com/ODNUploads/686ea0a351245a5e6787907c93ed7a3ff1390a66934b37a80a98229a9289cd658c8b6a43dd15437fe7086a47867491a0048ae5c13e4dc14f46405f24f821eb256dad71615bc79.png?mode=crop&v=1&width=250&height=200,"A smooth, icy blend of bold matcha and rich chocolate, creamy, cool, and perfectly balanced."
39,Strawberry Milk Slush,5.75,Slush,https://d1ouk4tp1vcuss.cloudfront.net/s3.amazonaws.com/ODNUploads/6611f2a9f2c12de76596cd89e4b60b6cc36dba55f3f17ccff5aef11fa54ee1e396f0a17157fc6cfd62757f5e6f1cc851390a84b0134ee8b7bd670034f4d6241050dc1db7e1d99.jpeg?mode=crop&v=1&width=250&height=200,Strawberry jam blended with milk & ice. Sweet & refreshing.
40,Strawberry Delight,6.75,Slush,https://d1ouk4tp1vcuss.cloudfront.net/s3.amazonaws.com/ODNUploads/67ebf8760e0642e17dd296c1398dcc3ddb4f06925f97cc2b72559fa62e5a39a8c6039fbbf90e10fb41d669beb3bb1ec7ea6a58d015b3554f0c30086bef83349e0a9c9697df286.jpeg?mode=crop&v=1&width=250&height=200,"A vibrant strawberry slush blended with strawberries, topped with a creamy matcha milk for the perfect balance of sweetness and earthiness."
41,Taro Slush,5.75,Slush,https://d1ouk4tp1vcuss.cloudfront.net/s3.amazonaws.com/ODNUploads/670df55e0226ea0155c8023ab486ea35669969e336c5250d87e4b3e1a854965f52c02cf6731578990e1bc3eb82f2658ccd680d675d474ab2183749775b935d59a52c2b355e86f.jpeg?mode=crop&v=1&width=250&height=200,"Taro blended with milk powder, cane sugar, & ice. Sweet & nutty."
42,Mango Snow,5.75,Slush,https://d1ouk4tp1vcuss.cloudfront.net/s3.amazonaws.com/ODNUploads/66198637d81002ea82828532a4dbc1c4e84a67fb85012cae21026eccf59a864cf19eb18945e4cabaf8fd0881c59d09e10a5905c2d5dd6128b8184d0e79f0498edcb7518aced7a.jpeg?mode=crop&v=1&width=250&height=200,Sweet mango & milk powder. Creamy & refreshing.
43,Pina Colada Slush,5.75,Slush,https://d1ouk4tp1vcuss.cloudfront.net/s3.amazonaws.com/ODNUploads/661701d6aa3a260d4d33c80ddc0853faa1ee1a86c3cff4a623aafd447511c57d17aaff27e30789777514f6576a0e1bedd29d557b8f26045614bf4b02c56891545bb85bd167a8e.jpeg?mode=crop&v=1&width=250&height=200,Sweet pineapple jam & coconut. Sweet & refreshing.
44,Dragonfruit Slush,6.3,Slush,https://d1ouk4tp1vcuss.cloudfront.net/s3.amazonaws.com/ODNUploads/68654d430d9633b9d9f18991827cb967c311e3e36bcee471fccc7a85ebe2498aa0557916c5e2f67157f5695bac52c45b5511018d1c7d9a9e9fb12a966f63503ff1a0c34307576.png?mode=crop&v=1&width=250&height=200,"An icy blend of juicy dragonfruit, refreshing, smooth, and full of flavor."
45,OREO Slush,5.75,Slush,https://d1ouk4tp1vcuss.cloudfront.net/s3.amazonaws.com/ODNUploads/66034a23e453d4fd2c78bf0ed02675642c5de5dd5249a798be9004d07e74979c5587a969a33cb873fb2097e17b0e682224775bd095a14a915765137062bd85a6c615644dcbb81.jpeg?mode=crop&v=1&width=250&height=200,"Hershey's chocolate syrup, milk powder, vanilla syrup, and crushed Oreos."
46,Passion Fruit Slush,5.75,Slush,https://d1ouk4tp1vcuss.cloudfront.net/s3.amazonaws.com/ODNUploads/662468b85c1d5dccb672fb09f663e9d4c1b4d196146184d75000980f232f8486b5544810bae7a8a07a54ac9ced052106e90f76ababb3e80923cb7a139ede5a3d701558fb2958c.jpeg?mode=crop&v=1&width=250&height=200,Passion fruit syrup blending with ice. Sweet & refreshing.
47,Honeydew Mania,5.75,Slush,https://d1ouk4tp1vcuss.cloudfront.net/s3.amazonaws.com/ODNUploads/6612452ab8e42b18261a08e31ebf6bbe61b26fb9eae54055ef984f3b07752932476ec1cc3674b73769e36905aa395479eaa9a0e69bff0854bbf1bdc6e645404b1a827a64d3bfd.jpeg?mode=crop&v=1&width=250&height=200,A chilled concoction offering a sweetly flavored essence of a ripe honeydew melon.
48,Fruity Flurry,5.75,Slush,https://d1ouk4tp1vcuss.cloudfront.net/s3.amazonaws.com/ODNUploads/6794fcefd367dbe284dcce6d2002361be7f3d473d8807b8bde0896389e063731c2c10a797690a3b6330796a3519b89b4002e9f88bec252b5d87bfdd9d16dcbcd888ff2c0740a4.png?mode=crop&v=1&width=250&height=200,"A new re-formation from our beloved Fruity Flurry, this version has a lovely blend of strawberries and a hint of lemon"
49,Matcha Red Bean Slush,5.75,Slush,https://d1ouk4tp1vcuss.cloudfront.net/s3.amazonaws.com/ODNUploads/6605df011dee16da0a483d9d10c285eb12146e54780fe1b326c180a5ac4b92c242711fd04f015e05b66b5c880354f7b2faa2d5e074788d17e5d1c4c8f49ec0d92dbbb7f69a012.jpeg?mode=crop&v=1&width=250&height=200,"Matcha blended with sweet red beans, milk powder, & ice."
50,Mangonada Slush,5.75,Slush,https://d1ouk4tp1vcuss.cloudfront.net/s3.amazonaws.com/ODNUploads/66197829b985967e18aa737c52ccec5c6eb3bf6201d9868c60b727eb5d87547b681b08435b0bb5e090bd68d08b1a3fdfedf45a498ddba626b11363e9ca3c8d6bec7aa88435dfe.jpeg?mode=crop&v=1&width=250&height=200,"A frozen beverage that combines sweet, tart, and spicy authentic Mexican flavors into a unique drinking experience."
51,Pineapple Slush,5.75,Slush,https://d1ouk4tp1vcuss.cloudfront.net/s3.amazonaws.com/ODNUploads/6622f9bd1ef12d642ce2b8ed948aab88bbe65d51695558ba8f5466ca0bd05bd801282709e4e57c13e17621e19677ce67a21a280f0152aa9c247414c5f46f347b8804770d690d9.jpeg?mode=crop&v=1&width=250&height=200,Sweet pineapple jam blended with ice.
52,S'mores Slush,5.75,Slush,https://d1ouk4tp1vcuss.cloudfront.net/s3.amazonaws.com/ODNUploads/66141a646f9077775ddd6f64016c0938d9e7bcdc299e231997142dcb24438dae8f82801739b804abe4119ca6bb50e06486f42edc1e21d8bc425c9fbe54e4560219e397cfd97af.jpeg?mode=crop&v=1&width=250&height=200,"Hershey's chocolate blended with ice, gooey marshmallow, and graham crackers."
53,Cocoa Lava Slush,5.75,Slush,https://d1ouk4tp1vcuss.cloudfront.net/s3.amazonaws.com/ODNUploads/66108807d74692a24058b5ed61da77f67114355c345a51747274c0ef7241ebfd52596d2464f0d35ada6e093808992f3ba05fb35a14144af1390c2708b67d1e0c87ccd2f8f607e.jpeg?mode=crop&v=1&width=250&height=200,The ultimate chocolate slush. Loaded with Hershey's chocolate and oreo cookies. Creamy & rich.
54,Caribbean Breeze,6.25,Slush,https://d1ouk4tp1vcuss.cloudfront.net/s3.amazonaws.com/ODNUploads/663e9d94bed2a8b2209af5163f2494efd8c1a1b0246d9e00781b09efd4874071f2cf18a4bae75163148f46c0ad9be6a6c0da25f9c7b20868d3d8af747c954deaf72b6cd5cb0b6.jpeg?mode=crop&v=1&width=250&height=200,"Papaya, guava, passion fruit, & pineapple flavors. Sweet & refreshing."
55,Caramel Macchiato Slush,5.75,Slush,https://d1ouk4tp1vcuss.cloudfront.net/s3.amazonaws.com/ODNUploads/6604801ec3d027d4b01c60848f308a0f367f9c9d235a270c33b56ceb96c6773a9eb40be76eb6e1bf932c9cdcc8013a792729054438505aa18581b7ee54814eece7cbf55328957.jpeg?mode=crop&v=1&width=250&height=200,Our signature coffee slush with caramel & vanilla.
56,Apple Pie Slush,5.75,Seasonal,https://d1ouk4tp1vcuss.cloudfront.net/s3.amazonaws.com/ODNUploads/669fd49d7edfe3195005eeaa716576aa3d5dec4287ad88856347103d7236c3946dfe2ef71722913d8574efc3fb0e86e845c9d2f6427c4913d28c99c571aa4058f53ae68e984db.jpeg?mode=crop&v=1&width=250&height=200,Indulge in the delightful flavors of a classic apple pie in a slush form.
57,Coffee Slush,5.75,Slush,https://d1ouk4tp1vcuss.cloudfront.net/s3.amazonaws.com/ODNUploads/66034a23707273ff7901bdb1b10a5bce33078e60ef8a4b1cb14eac17d219fece75c0a0a0a4c31b598f8cd6e57bc1278124b95208aa385748e99afd1c120484decb08a3d635609.jpeg?mode=crop&v=1&width=250&height=200,"Espresso, sugar, & milk powder. Bold & creamy."
58,Honey Guava Slush,5.75,Slush,https://d1ouk4tp1vcuss.cloudfront.net/s3.amazonaws.com/ODNUploads/663ea7e24f7866b8e533465ae8d03b0dee2c4b9f4d515f9f4e0a2694bede39778bdcd4a4615c505e73debd037debd3db6ea8031befa14fd34a46a1a77add17edbd3d962bb06a1.jpeg?mode=crop&v=1&width=250&height=200,The perfect combination of richness yet bright notes from the guava and lemon. The added chia seeds brings another texture to the mix!
59,Tropical Slush,6.05,Slush,https://d1ouk4tp1vcuss.cloudfront.net/s3.amazonaws.com/ODNUploads/66abc00ac5091dc41f7e32e830b40460cc2c1ce4232a3303a2565cdcc7e16e14cd9db98e166565ef67da693457255a8cfea22517f5ef69d1112757f7f0ac6e00f50dbac968579.jpeg?mode=crop&v=1&width=250&height=200,A tropical medley including our signature rosehip and added tartness from lemon juice.
60,Mocha Slush,5.75,Slush,https://d1ouk4tp1vcuss.cloudfront.net/s3.amazonaws.com/ODNUploads/66034a23991aa2d83f5fe9f02c2f950e50eea8fae4ef59f400e51378305b17087b0e86dd91927ea7db6d393fc7ab75f8832c82446c9af6ac9dd226dfbec45a962828b71f7a9c9.jpeg?mode=crop&v=1&width=250&height=200,Our signature coffee slush with rich chocolate.
61,White Grape Slush,5.75,Slush,https://d1ouk4tp1vcuss.cloudfront.net/s3.amazonaws.com/ODNUploads/6605a65375ea1bc280f7870d9c6733392de634db0bbea555f27feeb2deb0faebd50f5b311fc6c17e69c8dc62a1db82baa800ed253d6512f2d95e630545cc657b0e5ce5a3020af.jpeg?mode=crop&v=1&width=250&height=200,White grape blended with ice. A sweet & refreshing taste.
62,Red Bean Slush,5.75,Slush,https://d1ouk4tp1vcuss.cloudfront.net/s3.amazonaws.com/ODNUploads/6608b80ecb38bf63702a07a37169747d73763cae57c8850ca17a5d02c487e34c3ccab010105ddd6c61feeec45d0f93e89665f5e445c045f28138c126f87643b53edcf61e0ad08.jpeg?mode=crop&v=1&width=250&height=200,Sweet red beans blended with ice for a deliciously nutty treat.
63,Malted Cocoa Bliss,5.75,Slush,https://d1ouk4tp1vcuss.cloudfront.net/s3.amazonaws.com/ODNUploads/6619949a80d67488327a999eee9bfe63e1f0e44417f6ba5816df7bff8cba0310cbe908e908f44c4a4aefd4ac21d2b5492a76098bf7018afb836614497c747f55804b9da85d11a.jpeg?mode=crop&v=1&width=250&height=200,"A rich and cozy vibe, with the combination of malt and chocolate."
64,Pumpkin Slush,5.75,Seasonal,https://d1ouk4tp1vcuss.cloudfront.net/s3.amazonaws.com/ODNUploads/68d0d9925be782bb71c6a6cf06c04f6aa69a84a3f9722f565c632482933f5fad961283818dd951e8ca3360a2842e75def8f9d24be7828e2d433c6d58b9e6cdc73303b27b3e37d.jpeg?mode=crop&v=1&width=250&height=200,"A frosty take on pumpkin spice, refreshing, creamy, and packed with cozy autumn flavor."
65,Winter Melon Tea,4.35,Classic,https://d1ouk4tp1vcuss.cloudfront.net/s3.amazonaws.com/ODNUploads/662468810912149899122e037d46c7fffa406878be5edfca1c8963a83646c3005d0b115db3ccd694aa678222795c3b962027387e6e8f2372449fd9ba6b7fb3005379297523deb.jpeg?mode=crop&v=1&width=250&height=200,Sweet & smooth winter melon.
66,Honey Green Tea,4.55,Classic,https://d1ouk4tp1vcuss.cloudfront.net/s3.amazonaws.com/ODNUploads/6605a651a70f5872cfa290439b32beed6455090f1056368ba939e2d0fec6987e3044d8aae8252127ba4a93f62208ed3dcb6d76aef6a470f7b98beae3cd2446ebfb758651eeb04.jpeg?mode=crop&v=1&width=250&height=200,Sweet & honey fragrant jasmine green tea.
67,KF Green Tea,4.35,Classic,https://d1ouk4tp1vcuss.cloudfront.net/s3.amazonaws.com/ODNUploads/6622ef1bcc669968723fd56e02bf091a631e07e41a42aa6b9b2fbd860c74f05b6756ae273782ad1766afeafcfc5f2987ae28101e865049f81c22075a5cb32dbc63c6fdad6fd79.jpeg?mode=crop&v=1&width=250&height=200,Refreshing jasmine green tea sweetened with cane sugar.
68,Winter Melon Green Tea,4.55,Classic,https://d1ouk4tp1vcuss.cloudfront.net/s3.amazonaws.com/ODNUploads/6605df0347a2949899122e037d46c7fffa406878be5edfca1c8963a83646c3005d0b115db3ccd694aa678222795c3b962027387e6e8f2372449fd9ba6b7fb3005379297523deb.jpeg?mode=crop&v=1&width=250&height=200,Smooth winter melon & fragrant jasmine green tea.
69,KF Oolong Tea,4.35,Classic,https://d1ouk4tp1vcuss.cloudfront.net/s3.amazonaws.com/ODNUploads/66246880e3fc34ef5340ac463793e06e485e19c57a302835b823d6dbb42760207076b0e4cedcae16399503f96a95653f30c2c1b7db07c1550ef79404a4f610ff86fb842017d91.jpeg?mode=crop&v=1&width=250&height=200,Golden oolong tea sweetened with cane sugar. Fresh & toasty.
70,Honey Oolong Tea,4.55,Classic,https://d1ouk4tp1vcuss.cloudfront.net/s3.amazonaws.com/ODNUploads/6605fba04ae474ef5340ac463793e06e485e19c57a302835b823d6dbb42760207076b0e4cedcae16399503f96a95653f30c2c1b7db07c1550ef79404a4f610ff86fb842017d91.jpeg?mode=crop&v=1&width=250&height=200,Rich honey & smooth oolong tea.
71,KF Black Tea,4.35,Classic,https://d1ouk4tp1vcuss.cloudfront.net/s3.amazonaws.com/ODNUploads/662d7a21aadb96da8a8d7f9c07e198ae0d2b4c1d23c792f9503b4e861da0665948d097e374ed60d208ae6e7150995091f6e23aa0b16b9b48ded8a20173b2d798defd58adbc299.jpeg?mode=crop&v=1&width=250&height=200,Earl grey tea with bergamot. Bold and citrusy.
72,KF Honey Tea,4.35,Classic,https://d1ouk4tp1vcuss.cloudfront.net/s3.amazonaws.com/ODNUploads/6605b53b686d19ea07b38370393e60493cbae01a7670bdd1529b4c97a63c88dfb2e7d5d58cc89165bb645cdf5ff6cdbe62a4cdad9cd037ff2b442ca709db3d7d14b5927c20eee.jpeg?mode=crop&v=1&width=250&height=200,Rich blend of sweet longan honey.
73,Honey Black Tea,4.35,Classic,https://d1ouk4tp1vcuss.cloudfront.net/s3.amazonaws.com/ODNUploads/6605a6518577ac04ed3f20d22a8ed96c1d0405ee7a62d0ac15d0fa99aadecdd704c2df47732210e06d79f1fd4a6baad152269f9acea9c00bb2bdfd540732bff179fba8e25aa92.jpeg?mode=crop&v=1&width=250&height=200,Rich honey & earl grey tea. Sweet & bold.
74,Longan Jujube Tea,4.55,Classic,https://d1ouk4tp1vcuss.cloudfront.net/s3.amazonaws.com/ODNUploads/6605b53b91edffa0db6b062e3f6cdb6200a8d9d6af6d029c5fdac26f1d0f6c7c6ab70597bf11a911326dcb97b82e596815e896a36acec4c85c45fb16219d08fb98b109cf61a74.jpeg?mode=crop&v=1&width=250&height=200,Jujube (Red Date) paired with longan honey. Sweet and rich.
75,KF Thai Tea,4.35,Classic,https://d1ouk4tp1vcuss.cloudfront.net/s3.amazonaws.com/ODNUploads/67069aed1d4acf3044092f983aa25ff2a133653c007e739e987f4c6b98da5699df12814c47eed3dbe336e947cb8afc5e154fa24aff25866e7148541598ab185001188cee4cc6d.jpeg?mode=crop&v=1&width=250&height=200,"The fragrant fusion of black tea and oolong, enhanced with spices."
76,KF Honey Thai Tea,4.55,Classic,https://d1ouk4tp1vcuss.cloudfront.net/s3.amazonaws.com/ODNUploads/67069aecc006ff3044092f983aa25ff2a133653c007e739e987f4c6b98da5699df12814c47eed3dbe336e947cb8afc5e154fa24aff25866e7148541598ab185001188cee4cc6d.jpeg?mode=crop&v=1&width=250&height=200,"A smooth, spiced tea sweetened with honey for a harmonious flavor."
77,Passion Fruit Green Tea,4.75,Punch,https://d1ouk4tp1vcuss.cloudfront.net/s3.amazonaws.com/ODNUploads/65fb54269c55ae8457a56b9869d27836dc05eb0d51c06b5e51c4e7201e9e1450d3ec0453ceb1dd5e61d381b299c273041fa66fb32f95eb4f0fdf14239bee940a96527d0503988.jpeg?mode=crop&v=1&width=250&height=200,Fan-favorite blend of passion fruit & jasmine green tea. Sweet & tart.
78,Strawberry Lemonade,4.75,Punch,https://d1ouk4tp1vcuss.cloudfront.net/s3.amazonaws.com/ODNUploads/6605b53c6893e73e25287afc8a784e077bbe7e62daa3e4a43cd65c435b6afdfc03f267588808efda72a57a598f0a807abd8d2c617e97ee261b47c8a25958f6d5f748bcf13367d.jpeg?mode=crop&v=1&width=250&height=200,Sweet strawberry & lemonade. A classic fan-favorite.
79,Mango Green Tea,4.75,Punch,https://d1ouk4tp1vcuss.cloudfront.net/s3.amazonaws.com/ODNUploads/6605b53c105c27321549b59bd8693b2105d47c52365cd7009842cdc71471229bd79a59f805c9c57a8a8bd73fa614883ad49f2a9fab5d28e771d5caff7efc2b9deed7e7bdf6bd0.jpeg?mode=crop&v=1&width=250&height=200,Sweet mango & refreshing jasmine green tea.
80,Lavender Punch,4.75,Punch,https://d1ouk4tp1vcuss.cloudfront.net/s3.amazonaws.com/ODNUploads/677582e07429759f618f369f6c7e9bd6a5623febbc33d6ed7c4da0442c000dec2c0d504460fef42a236213eb268de68e126b3b5c02f50979f67f4f6437997a2c75b5da4622c09.jpeg?mode=crop&v=1&width=250&height=200,This crisp & vibrant lavender lemonade offers a perfect balance of sweet and tangy flavors.
81,Lychee Punch,4.75,Punch,https://d1ouk4tp1vcuss.cloudfront.net/s3.amazonaws.com/ODNUploads/6610936a3d91616c25e68a649edc77512db66ec113e71f5c62ff4c16188c60c25457a7100a91256c863789e7fc71cee12207cad7042b310c55c6f46e12c986b4ec7e2bb7ea321.jpeg?mode=crop&v=1&width=250&height=200,Sweet lychee & fragrant jasmine green tea.
82,Black Tea Lemonade,4.75,Punch,https://d1ouk4tp1vcuss.cloudfront.net/s3.amazonaws.com/ODNUploads/677582e0ad0d35d4ae233f03484501dc8be4ec51e4d483602eac47f3f4f33f37ccb2a7d7aac88611cc996141d87667c5717620de44eb2ee742641f348729b2a448bcdf1699593.jpeg?mode=crop&v=1&width=250&height=200,This tart lemonade is refreshingly crisp and bright.
83,Dragonfruit Lemonade,5.5,Punch,https://d1ouk4tp1vcuss.cloudfront.net/s3.amazonaws.com/ODNUploads/68654d4279f7534655cdff42334a242c6e0e822848891b159147df3d579a29526f1f34b7cd696de8d5bf4e50aa3215252627f786892d5e1e08e0697266eca4d27e01c88ffa70c.png?mode=crop&v=1&width=250&height=200,"Zesty lemonade meets juicy dragonfruit for a bold, refreshing twist."
84,Peach Oolong Tea,4.75,Punch,https://d1ouk4tp1vcuss.cloudfront.net/s3.amazonaws.com/ODNUploads/664d6ebc02c897d4089cbc15b1838c5d6ce5273074d5ed273337a777db214d1a21dbf94d9cfbb6e722ed25720c72395e0c44cb4f373592cbee252d803146e587709d56c9ad7de.jpeg?mode=crop&v=1&width=250&height=200,Refreshing peach & golden oolong tea. Sweet & refreshing.
85,Rosehip Lemonade,4.75,Punch,https://d1ouk4tp1vcuss.cloudfront.net/s3.amazonaws.com/ODNUploads/6605b53d0b6f8c5fec5df5a08380e1dc87e79ffa50ac84f312b3748baf393f28feff79219cb38779634eaab9c5642585021d4f53e1658a1f19680b92e60c45f9b557ed055d068.jpeg?mode=crop&v=1&width=250&height=200,Fresh-squeezed lemonade with hints of rosehip & blueberry. Tart & fruity.
86,Dragonfruit Tea,5.3,Punch,https://d1ouk4tp1vcuss.cloudfront.net/s3.amazonaws.com/ODNUploads/68654d42b17a2622c4e216317aa080708dfe8545f8387966376fd76ee1b7fefc0b32fac8528c6ffc0e6df73c714eed772af861e2c9b45549f102c24fe80f8dc1323fcca3ca9a5.png?mode=crop&v=1&width=250&height=200,"Tropical dragonfruit blended with your choice of green, black, or oolong tea. Light, juicy, and refreshingly bold."
87,Peach Green Tea,4.75,Punch,https://d1ouk4tp1vcuss.cloudfront.net/s3.amazonaws.com/ODNUploads/664d6ebbc9869dbe1aebcd63d2fd703edad9634cb7ef151c3c3d5e4c78a6f61d1eb8df9d94a6c46cdc87f17c564f9fda4b7480dde8315d7e7de6f5af84e09f873a730ac72474b.jpeg?mode=crop&v=1&width=250&height=200,The Peach Green Tea is a delicate blend of floral peach and crisp green tea.
88,Sunshine Pineapple Tea,4.75,Punch,https://d1ouk4tp1vcuss.cloudfront.net/s3.amazonaws.com/ODNUploads/662468b8c387d1d519adadfc95c017fe9f7e382327cecda87ceefd88cca13d40bdb10e1efdfcebe663556b210471eafda99f3b4d5c39e7d8b922495cde40965a22b41b14cd916.jpeg?mode=crop&v=1&width=250&height=200,Refreshing pineapple paired with jasmine green tea.
89,Strawberry Lemon Green Tea,4.75,Punch,https://d1ouk4tp1vcuss.cloudfront.net/s3.amazonaws.com/ODNUploads/670df55dc13a773e25287afc8a784e077bbe7e62daa3e4a43cd65c435b6afdfc03f267588808efda72a57a598f0a807abd8d2c617e97ee261b47c8a25958f6d5f748bcf13367d.jpeg?mode=crop&v=1&width=250&height=200,"Sweet strawberry, tart lemonade, & fragrant jasmine green tea."
90,Honey Lemonade,4.55,Punch,https://d1ouk4tp1vcuss.cloudfront.net/s3.amazonaws.com/ODNUploads/65fb4549e3be9adabf22c6e1f9bbe223a22b7051896e09ffcb79074009c89b5ba9a5a35d27f3e0034228b7b4aa1be06e656b2c0f5c1d102906f62562a5b0d1ff6192562c1c61d.jpeg?mode=crop&v=1&width=250&height=200,Fresh lemonade sweetened with longan honey.
91,Lychee Black Tea,4.75,Punch,https://d1ouk4tp1vcuss.cloudfront.net/s3.amazonaws.com/ODNUploads/6605b53cd83f3689ff0808937f91a760372133d38370d738db3167f50f3ea43eec290299e08a8becc7e09ebeceb014c5912c0c095473c0191db387ff0b83edcb560c7a6c90eb3.jpeg?mode=crop&v=1&width=250&height=200,Sweet lychee & black tea. Bold & refreshing.
92,Grapefruit Green Tea,4.75,Punch,https://d1ouk4tp1vcuss.cloudfront.net/s3.amazonaws.com/ODNUploads/661337f8d5188c90fe353e77002abd1c7e39d1e281681e8d41e0167bb5abc3aef8b74eb1cbb4d6a1273b916f8ce912bec8b12d5b125854bba86f9a7414ffc7003d8535cdc1865.jpeg?mode=crop&v=1&width=250&height=200,Fresh-squeezed grapefruit juice & refreshing jasmine green tea.
93,Guava Punch,4.75,Punch,https://d1ouk4tp1vcuss.cloudfront.net/s3.amazonaws.com/ODNUploads/670fd63c8e1b2b8be72a8de5b70b2a6e9e603213626b79657439f20fb9fb02467586c730ccb55a04b79ca5fc07a7a7f33d086db2cc4124a6d0ed4f82c4a6294df4b11a6145688.jpeg?mode=crop&v=1&width=250&height=200,Floral jasmine green tea pairs with tangy and refreshing sweet guava with citrus notes from the lemon. Featuring chia seeds.
94,Tropical Punch,5.25,Punch,https://d1ouk4tp1vcuss.cloudfront.net/s3.amazonaws.com/ODNUploads/66abc00b25d528d8b530d560427c12519831d419a35af2c54a39da03622bd16d8a9dd64bf37e83be735e0b2eaf80cfa252fb15478996ca9b8c400a560584281a4b89475d28939.jpeg?mode=crop&v=1&width=250&height=200,This fruit-forward mix is refreshingly sweet and slightly tart.
95,White Grape Punch,4.75,Punch,https://d1ouk4tp1vcuss.cloudfront.net/s3.amazonaws.com/ODNUploads/65fb5426c709975ebf9a7b4b18618e376c399c1f7fe193f25b9f56082417493e000d616e758e6f500aaa7adf845e7aabc091878addc3c0a18143626a4b347b84fea574ba62462.jpeg?mode=crop&v=1&width=250&height=200,"Sweet white grape brings in a refreshing crisp flavor, paired with our green tea."
96,Apple Green Tea,4.75,Punch,https://d1ouk4tp1vcuss.cloudfront.net/s3.amazonaws.com/ODNUploads/669fd49ed8c8c1a8f56ccda398f0061e052f1f4ff33f499ddcd8e4ba26bd3dc7edfb96d9dd0831c200dcf1365f4efbb41beea5cc3d7cb4de29f33b8262fbfd8af88b5368f418e.jpeg?mode=crop&v=1&width=250&height=200,The harmonious flavor of crisp apple paired with our green tea.
97,Kiwi Punch,4.55,Punch,https://d1ouk4tp1vcuss.cloudfront.net/s3.amazonaws.com/ODNUploads/65fb454a9ec66db085e1bcbd8839b9e19c6416aff0d985c7afcfa126633bdc04663fd6412ee7580f3eacc75581d75b2de88f68eebf867e981a41ef18e2565445f9395978e643a.jpeg?mode=crop&v=1&width=250&height=200,"Sweet and tangy kiwi blended with honey green tea and a hint of lemon, a refreshing punch!"
98,Orange Green Tea,4.75,Punch,https://d1ouk4tp1vcuss.cloudfront.net/s3.amazonaws.com/ODNUploads/6606d7d36b89cab3e7dc079bcc2bb60133bdea00dcb66cc8e1a9b99afc2ab4e374dfab319a187ea1d5c38bec3ed57252b9600054cd3d8365b184235c5843fc1bca3ed6d5a61d5.jpeg?mode=crop&v=1&width=250&height=200,Fresh orange juice & jasmine green tea. Sweet & tart.
99,Guava Black Tea,4.75,Punch,https://d1ouk4tp1vcuss.cloudfront.net/s3.amazonaws.com/ODNUploads/670fd63c4721f66f6255671978d79f90b4b9f770a9e298e0ef5e644d96ede9669b40a0d77ce4af4ef319573d9e463c460f5ee00ff8402a1d3bb27a942a179336bbdf037706dc0.jpeg?mode=crop&v=1&width=250&height=200,"Tangy with the sweet guava and citrus notes from the lemon, pairing with earl grey tea for a bold flavor. Featuring chia seeds."
100,Apple Oolong Tea,4.75,Punch,https://d1ouk4tp1vcuss.cloudfront.net/s3.amazonaws.com/ODNUploads/669fd49f130f9015d7e4c9aa634093f4adc669acfd1b2feefd9c07041ccf4f0ff60813234f8aa860189af2eb57b59bce073283018fb42f1a00f3ecb3e52e4693498d711f77054.jpeg?mode=crop&v=1&width=250&height=200,The harmonious flavor of crisp apple paired with our oolong tea.
101,Apple Black Tea,4.75,Punch,https://d1ouk4tp1vcuss.cloudfront.net/s3.amazonaws.com/ODNUploads/669fd49eac16eaa92d1db09c9731043cd9341b5873789024242256af52eb65f2f6777190760b31a7266ba76fcad999cf43a12192724e7d8e7f0f2d29ad85929c3d8c1146bb854.jpeg?mode=crop&v=1&width=250&height=200,The harmonious flavor of crisp apple paired with our black tea.
102,Rosehip Pineapple,4.75,Punch,https://d1ouk4tp1vcuss.cloudfront.net/s3.amazonaws.com/ODNUploads/669fd49f38ce63a4c91de1c5b4c66bc3e261297774cac3a48402ec39719d0c1122ddf9e9bfbbc673f34b7c021e937d049881eba6bf2bc3edd79e86ea2810252de5a0d198e8dee.jpeg?mode=crop&v=1&width=250&height=200,Refreshing blend of tart rosehip and sweet pineapple.
103,Lemon Green Tea,4.75,Punch,https://d1ouk4tp1vcuss.cloudfront.net/s3.amazonaws.com/ODNUploads/6610867b01071872cfa290439b32beed6455090f1056368ba939e2d0fec6987e3044d8aae8252127ba4a93f62208ed3dcb6d76aef6a470f7b98beae3cd2446ebfb758651eeb04.jpeg?mode=crop&v=1&width=250&height=200,Refreshing green tea paired with fresh-squeezed lemon juice & cane sugar.
104,Lemon Black Tea,4.75,Punch,https://d1ouk4tp1vcuss.cloudfront.net/s3.amazonaws.com/ODNUploads/65fb454a1f6142c6afdbeef9c5d2b450360aa5c4ecd67376d8f39a4b627fd07bf60d7c42dbb30c41f500c5146c46bb53b4c1b398a969bef365adfb55bf4b2ba7c29c755997bc5.jpeg?mode=crop&v=1&width=250&height=200,Bold black tea paired with fresh-squeezed lemon juice & cane sugar.
105,Winter Melon Lemonade,4.75,Punch,https://d1ouk4tp1vcuss.cloudfront.net/s3.amazonaws.com/ODNUploads/6606e7ec0bcac49899122e037d46c7fffa406878be5edfca1c8963a83646c3005d0b115db3ccd694aa678222795c3b962027387e6e8f2372449fd9ba6b7fb3005379297523deb.jpeg?mode=crop&v=1&width=250&height=200,Smooth winter melon and fresh squeezed lemon juice.
106,Sunshine Grape-ade,4.75,Punch,https://d1ouk4tp1vcuss.cloudfront.net/s3.amazonaws.com/ODNUploads/6605b53d307f7cf74005326e703baa73cb860cd249bc4f9ec15baca14556ad5b99f02a181c0af1dbc5c81e71af9f27178245d164d6407546424d424e5e44069455f676cb10b8d.jpeg?mode=crop&v=1&width=250&height=200,A tropical fruity taste from white grapes with a fusion of sweet and tart flavors from pineapple and lemon.
107,Matcha Lemonade,4.75,Punch,https://d1ouk4tp1vcuss.cloudfront.net/s3.amazonaws.com/ODNUploads/67ebf8794b2d8e9dcb3c263df4ed9eda3646a3d242c63f1566c5c946633d9aebf61a727834b87d6a250b35112f0252c996d95d15f06ad25426a6a525a02ad42c2824e74563499.jpeg?mode=crop&v=1&width=250&height=200,A refreshing mix of zesty lemonade and smooth matcha creates a bold and energizing sip.
108,Cocoa Cream Wow,5.45,Milk Strike,https://d1ouk4tp1vcuss.cloudfront.net/s3.amazonaws.com/ODNUploads/6627ee3389f010041cc325a818f2c57d1a8e79feeffbad97134857c5281cdaa742ea5764dfa6f67afaa84c613a8d3f1e0a61069cfde533c3af1c18a8f2ddc1ec17808b68e5a72.jpeg?mode=crop&v=1&width=250&height=200,Freshly cooked Wow Bubbles & fresh milk.
109,Matcha Milk,5.45,Milk Strike,https://d1ouk4tp1vcuss.cloudfront.net/s3.amazonaws.com/ODNUploads/65fb619342941a2e179098ee354a6812760c2dd4546edd4140cc9519f8de8974447005e18010149150bab15046bf463c8c265cad08bd36078b995e8be14a9a525a163d3717eea.jpeg?mode=crop&v=1&width=250&height=200,Japanese matcha green tea & lactose-free milk. Creamy & fragrant.
110,OREO Wow,5.45,Milk Strike,https://d1ouk4tp1vcuss.cloudfront.net/s3.amazonaws.com/ODNUploads/6627ee33b54ee8411b91c3e48760bbe3a854bfbf2be49c474addc2ef1006acac2d2893ac46835094d2f2e51639340ab8934e741251dcb4bf1b7619a09461ab3578f85e4520676.jpeg?mode=crop&v=1&width=250&height=200,"America's favorite cookie paired with freshly cooked Wow bubbles. Milk & cookies, what's not to love?"
111,Chai Milk,5.45,Milk Strike,https://d1ouk4tp1vcuss.cloudfront.net/s3.amazonaws.com/ODNUploads/6611d7a8aab2c688c6d98aded1b252b4ced83240cbed167cbf111d0340f24270f5d501258c35b536c71220a25f1ad5e3f39890b75261b0388379a3bdd3a0e400fc9f9f9ba43f4.jpeg?mode=crop&v=1&width=250&height=200,"Fresh milk, early grey tea, & cane sugar come together."
112,Sesame Matcha Milk,5.45,Milk Strike,https://d1ouk4tp1vcuss.cloudfront.net/s3.amazonaws.com/ODNUploads/68b156f276b7e8f4dee17a38d9a74d0ec7ca60ec7e060c4bf21cb18e291a5606bfe9a900eaf8ec78364901fd694ea2954883a126cc0b8156d584e60676facb1f6cc72ad217c55.jpeg?mode=crop&v=1&width=250&height=200,"Bittersweet matcha, toasted sesame, & creamy lactose-free milk. Sweet & smooth."
113,Red Bean Wow,5.45,Milk Strike,https://d1ouk4tp1vcuss.cloudfront.net/s3.amazonaws.com/ODNUploads/6627ee33e915b201569667140deae49c6b84943cef36fd812d11f17cc7ee7a69e50100faa909b2dbceec9c6b87fbbd543c46549d1a6cf5a083eabea58ebccb85dfabcac6421fc.jpeg?mode=crop&v=1&width=250&height=200,Freshly cooked Wow Bubbles & lactose-free milk paired with sweet red beans. Smooth & nutty.
114,Herbal Jelly Wow,5.45,Milk Strike,https://d1ouk4tp1vcuss.cloudfront.net/s3.amazonaws.com/ODNUploads/68b156f2a9732063d47f000b962ab721b8428f8c57ac9b67b82c3ec3033275d218fe5a1c92c8aacc557e2ad0c380f398938c348bb16e2db84d1fb0c3855104706b0d1d7a8b41b.jpeg?mode=crop&v=1&width=250&height=200,Freshly cooked Wow Bubbles & lactose-free milk paired with tasty herbal jelly. Sweet & earthy.
115,Iced Cocoa,4.75,Milk Strike,https://d1ouk4tp1vcuss.cloudfront.net/s3.amazonaws.com/ODNUploads/66072d9e71cb4542f166e4ad0ed719132b35880d753dfe140402c3e2502475525d1cf6c93c1ffab8691796223356784cc21abcae98667c00f92219eddd3d2f9b65fffb2372ed2.jpeg?mode=crop&v=1&width=250&height=200,Fresh milk with Hershey's Chocolate and vanilla.
116,Hot Cocoa,5.35,Milk Strike,https://d1ouk4tp1vcuss.cloudfront.net/s3.amazonaws.com/ODNUploads/6622f9ce286bf618387a121ae6fb956b7ac6565abb4bbbad76607d2937491c772ad07a0decaeee3a7cb6d42c11dd0f73c02ee5ea2a9170fe6f64e4bfa2873f8a8ee6e56f77b49.jpeg?mode=crop&v=1&width=250&height=200,Fresh milk with Hershey's Chocolate and vanilla.
117,Thai Tea Latte,5.45,Milk Strike,https://d1ouk4tp1vcuss.cloudfront.net/s3.amazonaws.com/ODNUploads/679e457cb720bbead8a64a034290c7a490878b43229739bba0c82fdec96bea509c32d860c8621d8cfe747e5eb774253fcfe68c30f58440578a4fa3bbfb88782364ef3775b7666.jpeg?mode=crop&v=1&width=250&height=200,Our sweetened and spiced tea topped with your choice of milk.
118,Winter Melon Milk,5.45,Milk Strike,https://d1ouk4tp1vcuss.cloudfront.net/s3.amazonaws.com/ODNUploads/6611da8edc2fc7d0ac8d7d73b9ee77fb821336c963a451fbc81b03c5d31397df07ead109fcd914e0bce2961db5299c8a25a31a6089f74884e43f6e1b6a6f7e515fb53be7a2be2.jpeg?mode=crop&v=1&width=250&height=200,Smooth winter melon paired with lactose-free milk.
119,Cocoa Cream Oat Wow,5.95,Oat Strike,https://d1ouk4tp1vcuss.cloudfront.net/s3.amazonaws.com/ODNUploads/6798ffbe140420041cc325a818f2c57d1a8e79feeffbad97134857c5281cdaa742ea5764dfa6f67afaa84c613a8d3f1e0a61069cfde533c3af1c18a8f2ddc1ec17808b68e5a72.jpeg?mode=crop&v=1&width=250&height=200,Oat milk & freshly cooked brown sugar Wow Bubbles.
120,OREO Oat Wow,5.95,Oat Strike,https://d1ouk4tp1vcuss.cloudfront.net/s3.amazonaws.com/ODNUploads/6798ffbe7ae368411b91c3e48760bbe3a854bfbf2be49c474addc2ef1006acac2d2893ac46835094d2f2e51639340ab8934e741251dcb4bf1b7619a09461ab3578f85e4520676.jpeg?mode=crop&v=1&width=250&height=200,Oat milk with Oreos & freshly cooked brown sugar Wow Bubbles. Milk and cookies meet boba.
121,Red Bean Oat Wow,5.95,Oat Strike,https://d1ouk4tp1vcuss.cloudfront.net/s3.amazonaws.com/ODNUploads/6798ffbea92fe201569667140deae49c6b84943cef36fd812d11f17cc7ee7a69e50100faa909b2dbceec9c6b87fbbd543c46549d1a6cf5a083eabea58ebccb85dfabcac6421fc.jpeg?mode=crop&v=1&width=250&height=200,Oat milk with freshly cooked brown sugar Wow bubbles & sweet Red Beans.
122,Chai Oat Milk,5.95,Oat Strike,https://d1ouk4tp1vcuss.cloudfront.net/s3.amazonaws.com/ODNUploads/6798ffbee1499688c6d98aded1b252b4ced83240cbed167cbf111d0340f24270f5d501258c35b536c71220a25f1ad5e3f39890b75261b0388379a3bdd3a0e400fc9f9f9ba43f4.jpeg?mode=crop&v=1&width=250&height=200,"Oat milk, earl grey tea, & cane sugar come together."
123,Thai Tea Oat Latte,5.95,Oat Strike,https://d1ouk4tp1vcuss.cloudfront.net/s3.amazonaws.com/ODNUploads/6798ffbf2305bbead8a64a034290c7a490878b43229739bba0c82fdec96bea509c32d860c8621d8cfe747e5eb774253fcfe68c30f58440578a4fa3bbfb88782364ef3775b7666.jpeg?mode=crop&v=1&width=250&height=200,Our sweetened and spiced tea topped with oat milk.
124,Honey Thai Tea Oat Latte,5.95,Oat Strike,https://d1ouk4tp1vcuss.cloudfront.net/s3.amazonaws.com/ODNUploads/6798ffbf54a71bead8a64a034290c7a490878b43229739bba0c82fdec96bea509c32d860c8621d8cfe747e5eb774253fcfe68c30f58440578a4fa3bbfb88782364ef3775b7666.jpeg?mode=crop&v=1&width=250&height=200,Our sweetened and spiced tea topped with oat milk.
125,Thai Tea Milk Cap,6,Milk Cap,https://d1ouk4tp1vcuss.cloudfront.net/s3.amazonaws.com/ODNUploads/679e457c757c4960551b1b3a9138a63736c915e683ad0220f769a3094fb14894fe46f3d9c1bf5e505af1d2b83250f948dabc1ce630ec6fe4444f01f3730b2d7b91b7c1f5cb66e.jpeg?mode=crop&v=1&width=250&height=200,Flavorful tea topped with our signature creamy milk cap.
126,Black Tea Wow Milk Cap,5.05,Milk Cap,https://d1ouk4tp1vcuss.cloudfront.net/s3.amazonaws.com/ODNUploads/6610a0b5f394f5a31484b4272750eaa971163a5cc9ccd3eb4158cf2173191cfa012eca5f25a51ed9784fb58bd19b6165fc13f9f6d52a9a7125d6a099de42603a69492d6d2e976.jpeg?mode=crop&v=1&width=250&height=200,Earl grey black tea sweetened with brown sugar wow bubbles and topped with a creamy milk cap.
127,Winter Melon Tea Cap,5.6,Milk Cap,https://d1ouk4tp1vcuss.cloudfront.net/s3.amazonaws.com/ODNUploads/65fb6fd5ce3f15002f4624341f3752d59b64c75e7e87a781063837d2379db470d1a2136797ea46aed9daea46d2ce74855ad32c22199bbace64655fe32bfb6ca331242ce1b87a9.jpeg?mode=crop&v=1&width=250&height=200,"Winter melon topped with our creamy, subtly salty Milk Cap. Sweet & smooth."
128,Honey Black Tea Cap,5.8,Milk Cap,https://d1ouk4tp1vcuss.cloudfront.net/s3.amazonaws.com/ODNUploads/65fb6fd6082ebca40787b0874825b67c8943d6ed9e311f11dc3b5a65d385a7f38507e5e67eb581b8c4081093f660ed78c0e916e5176609bf5cd6780f1706bf0a7cb07a4e64ac1.jpeg?mode=crop&v=1&width=250&height=200,"Sweet longan honey and black tea layered with our creamy, subtly salty Milk Cap."
129,Honey Green Tea Cap,5.8,Milk Cap,https://d1ouk4tp1vcuss.cloudfront.net/s3.amazonaws.com/ODNUploads/6606e7eb1f31fdf70704edc1fa64d3f6a184a2032c27cdff5e63fb5a591c138e37164315f7bf91f340a93d85cb30bea9d95b24e2cf412ab171bb4580700c8b1ff222db1da0450.jpeg?mode=crop&v=1&width=250&height=200,"Sweet longan honey and green tea layered with our creamy, subtly salty Milk Cap."
130,Honey Oolong Tea Cap,5.8,Milk Cap,https://d1ouk4tp1vcuss.cloudfront.net/s3.amazonaws.com/ODNUploads/6605df01af57d7a1544c7e4d098b520a51660fe5351c8fd2ace1991214100038f4de23c3764f9d1f01c9603b7f582ab3a563374c669cd1a9f63f326704aa4722faa400dc25bca.jpeg?mode=crop&v=1&width=250&height=200,"Sweet longan honey and oolong tea layered with our creamy, subtly salty Milk Cap."
131,Sunshine Pineapple Tea Cap,6,Milk Cap,https://d1ouk4tp1vcuss.cloudfront.net/s3.amazonaws.com/ODNUploads/6605df01dff714a6ac16f038c53939a2b1a12ff1e58ac4e0126b69bb079fbdfbf31c1e5b6906a7c30cf0a9f45785c74015902420efd65b6b3b1b9091d238863cb87869a0250d4.jpeg?mode=crop&v=1&width=250&height=200,Refreshing pineapple paired with jasmine green tea & layered with our creamy Milk Cap.
132,Green Tea Wow Milk Cap,5.05,Milk Cap,https://d1ouk4tp1vcuss.cloudfront.net/s3.amazonaws.com/ODNUploads/6611e720b2a3be0cdbffb7f18d3eda32cfd206fdd45847cdeac88de62e6206b739bd60fc4f54c0a5766f2b41ce9dc060c04014aef58c1dd5cc40c3d7470eae81dbe7b82374129.jpeg?mode=crop&v=1&width=250&height=200,Jasmine Green Tea sweetened with brown sugar wow bubbles and topped with a creamy milk cap.
133,Matcha Milk Cap,6.8,Milk Cap,https://d1ouk4tp1vcuss.cloudfront.net/s3.amazonaws.com/ODNUploads/662d8591a6f07d71b1ee0390f45c05ef7744df4dfb20d2632d388ea8e47096a8445ff2fe61fb6c4ecb1f132bef2f67b6c24e307068b6f6e45ccd88bc0206b527d46c179f3468c.jpeg?mode=crop&v=1&width=250&height=200,Japanese matcha green tea & lactose-free milk. Perfect with our rich milk cap.
134,Cocoa Cream Wow Milk Cap,6.8,Milk Cap,https://d1ouk4tp1vcuss.cloudfront.net/s3.amazonaws.com/ODNUploads/66073e85c9733ef9a9d7ab44b9c181ce3f064f387fa3bbc24416b7ade970eb9d6da5b37d8b57004f2287d9dfc3396db0dca3c2dc16615595ae2466c3ab6f3092b833dc1a1ee60.jpeg?mode=crop&v=1&width=250&height=200,Freshly cooked WOW Boba mixed with fresh milk & topped with a perfectly creamy milk cap & a dash of cocoa powder.
135,Oolong Tea Wow Milk Cap,5.05,Milk Cap,https://d1ouk4tp1vcuss.cloudfront.net/s3.amazonaws.com/ODNUploads/661086856ca07701f8d4c42daf71541f48fb90fa9a7dbe767910a437a2a7f734610c90ac115ca019b9f8073ac75ce04d9e63e16a216e2d9c287579decfc0779988fa680bfa5d6.jpeg?mode=crop&v=1&width=250&height=200,Oolong tea sweetened with brown sugar wow bubbles and topped creamy milk cap.
136,Macchiato,4.25,Coffee,https://d1ouk4tp1vcuss.cloudfront.net/s3.amazonaws.com/ODNUploads/673b572886352c830ffc5238bb54ecaa096c27c2dd4660774361c07b30dc9ef55542fafa7ab6e90489897ef7ab13b02eadf58a86d266d043c54cf2e2f3c7624a5d153db30ad18.jpeg?mode=crop&v=1&width=250&height=200,"Bold espresso mixed with caramel, vanilla, & milk powder. Sweet & bold."
137,Coffee,3.95,Coffee,https://d1ouk4tp1vcuss.cloudfront.net/s3.amazonaws.com/ODNUploads/673b572705cbbc098b2c5efc5828f65565d5eab9ce19409e481f420d4554d6730c5eb2517814ac2ffe62416acd4abaa735b671b8ed9370dfaa020c68bcc8ac1f4ad05dbd0599f.jpeg?mode=crop&v=1&width=250&height=200,"Espresso, cane sugar, & milk powder. Sweet & bold."
138,Lavender Latte,4.25,Coffee,https://d1ouk4tp1vcuss.cloudfront.net/s3.amazonaws.com/ODNUploads/677582e00bfa92188b5f6a3d308b34d8ebd1549d32e6a03f6f1fa2bdc47311eab6f6750196e998c119a332a50b21e387bc281de97b80ad1c72e12572ce78e77569a3b8ac43d5c.jpeg?mode=crop&v=1&width=250&height=200,This bold yet floral latte is the perfect wake-up call.
139,Mocha,4.25,Coffee,https://d1ouk4tp1vcuss.cloudfront.net/s3.amazonaws.com/ODNUploads/673b5727772f9b62f624d85617c8b22576afb3bfba2fa74cad0c1a1338f893b7d4dacbdebad605772b73cad5ae49192c8f9ce1f903cd52071d7e5b0712c8a442a9d9d82bb798c.jpeg?mode=crop&v=1&width=250&height=200,"Bold blend of espresso, fresh milk, & Hershey's chocolate syrup."
140,Latte,4.25,Coffee,https://d1ouk4tp1vcuss.cloudfront.net/s3.amazonaws.com/ODNUploads/673b5727437b18a5b63e5667f780deec1143a194ee7cf5bc872f51e1647e1e0ff15971b78e292362b46305bc6d57e42dd79b2527ccc714d062ba46e25529ab80cfb743bcd0da7.jpeg?mode=crop&v=1&width=250&height=200,Espresso paired with fresh milk. Sweet & creamy.
141,S'mores Coffee Slush,5.75,Coffee,https://d1ouk4tp1vcuss.cloudfront.net/s3.amazonaws.com/ODNUploads/673b57297609b7775ddd6f64016c0938d9e7bcdc299e231997142dcb24438dae8f82801739b804abe4119ca6bb50e06486f42edc1e21d8bc425c9fbe54e4560219e397cfd97af.jpeg?mode=crop&v=1&width=250&height=200,Blends the rich flavor of Hershey's Chocolate with hints of coffee and gooey marshmallow with graham crackers.
142,Cappuccino,4.25,Coffee,https://d1ouk4tp1vcuss.cloudfront.net/s3.amazonaws.com/ODNUploads/673b5727f3db3f86d8ac55f2adc6dda365a69156d5082066800c0bd16d466c8d7453b5bf13317f83048256ddf341163dcf4fdcc62113aa4cff1498393d8a2e3e812ad73506bdc.jpeg?mode=crop&v=1&width=250&height=200,Creamy blend of fresh milk & espresso. Topped with cinammon. Bold & creamy.
143,Coffee Wow Milk Cap,5.05,Coffee,https://d1ouk4tp1vcuss.cloudfront.net/s3.amazonaws.com/ODNUploads/673b5727b2537bec2b70e1ea59fd1bf34c8bba08cb3520f54b7281b422fe12180562e03fd89e09f3c6ec273bba752ba52c22fffbebe5976c44c9fb6f3da5f36769ba2ef3eca59.jpeg?mode=crop&v=1&width=250&height=200,Iced coffee sweetened with brown sugar WOW bubbles and topped with a creamy milk cap.
144,Pistachio Latte,4.25,Coffee,https://d1ouk4tp1vcuss.cloudfront.net/s3.amazonaws.com/ODNUploads/673b5728d6bb183e9fdf2dcdc8d23ae1906dd6ff1725fb9126cfada963aa96fb18e782ebce10c7dfd00213c7ffa87088d6cb6e4ba3646491b49ffe9100b9e5b8f8965e1546e33.jpeg?mode=crop&v=1&width=250&height=200,Perfect combination of pistachio and espresso for an ultra-creamy and cozy treat for the fall season.
145,Yogurt Green Tea,5.25,Yogurt,https://d1ouk4tp1vcuss.cloudfront.net/s3.amazonaws.com/ODNUploads/65fb6fd6802d1c70619ba6fc860f8c6fbca13ae6aa5a9f9292cd9a86b3cedf44626f88be10029f14b074310009ca7eac828b23c4cf87db8afc53ec5ac41046e14dac85a2aae35.jpeg?mode=crop&v=1&width=250&height=200,Yakult yogurt paired with jasmine green tea. Sweet & tart with a hint of plum.
146,Yogurt Peach-ade,5.05,Yogurt,https://d1ouk4tp1vcuss.cloudfront.net/s3.amazonaws.com/ODNUploads/6605b53bdce340fee682b5e4b1de041c9e3c5498fc6fb473cbe737503fee05d62f74e5cc394e23928dd250b2a72b4c7cff4caa9d7ad9fbfe92096d603b2ad107c735576be4a37.jpeg?mode=crop&v=1&width=250&height=200,Sweet and tart yakult paired with delicious chunks of peach and fresh lemonade.
147,Yogurt Orange Juice,5.55,Yogurt,https://d1ouk4tp1vcuss.cloudfront.net/s3.amazonaws.com/ODNUploads/6605fb9feed2bea75b0f72a1d9951b2e3bc2b4ed7385597e09b273e5f0960cd21c1e6b244116394c72d41ed22c616b52b5e4ff45dad9425b3389e6bbd1ee8d2792e800bfb5a15.jpeg?mode=crop&v=1&width=250&height=200,Yakult yogurt paired with fresh-squeezed orange juice. Sweet & tangy.
148,Yogurt Grapefruit Juice,5.55,Yogurt,https://d1ouk4tp1vcuss.cloudfront.net/s3.amazonaws.com/ODNUploads/662c5088568a5ace9a5d68186ee957f58018e60aaaf8021ca81200ffbac3f363d237533d8c6db67ebfc67d2fc03d753ea3421dceb43e606d371ef3ac4e78f5220709544318df5.jpeg?mode=crop&v=1&width=250&height=200,Yakult yogurt paired with fresh-squeezed grapefruit juice. Smooth & tangy.
149,Yogurt Strawberry Lemonade,5.05,Yogurt,https://d1ouk4tp1vcuss.cloudfront.net/s3.amazonaws.com/ODNUploads/6605b53bb655a1ab1ec91bab2075c15df9381bd9d32a1fd264bdb4a7dd7e266973ba452427daddaf6e1aef59afcb9a78113c906fb19e13e1944f3d390095cdf3e18cb32cfd006.jpeg?mode=crop&v=1&width=250&height=200,Yakult yogurt paired with strawberry juice. Smooth & tangy.
150,Yogurt Lemonade,5.35,Yogurt,https://d1ouk4tp1vcuss.cloudfront.net/s3.amazonaws.com/ODNUploads/65fb6fd6befc2a45195c237af92b0f45fb38bb1ef93fd1d9d9fcd8ecbb04c1f732fd82355bb4486003b64fdae1a2f9f33c27e1015c91816ad318f93457f396d36ef3f108c139f.jpeg?mode=crop&v=1&width=250&height=200,Yakult yogurt paired with fresh-squeezed lemon juice. Smooth & tangy.
151,Small Cup,0,Modification,,Small Cup
152,Medium Cup,0.5,Modification,,Medium Cup
153,Large Cup,1,Modification,,Large Cup
154,Matcha Milk Cap,1.25,Topping,,Matcha Milk Cap
155,Aloe Jelly + Lychee Crystal Boba,1,Topping,,Aloe Jelly + Lychee Crystal Boba
156,Boba + Pudding,0.8,Topping,,Boba + Pudding
157,Mango Jelly + Nata Jelly,0.8,Topping,,Mango Jelly + Nata Jelly
158,Brown Sugar Boba + Milk Cap,1,Topping,,Brown Sugar Boba + Milk Cap
159,Grape + Strawberry + Mango Popping,1.4,Topping,,Grape + Strawberry + Mango Popping
160,Brown Sugar Wow Boba,0.95,Topping,,Brown Sugar Wow Boba
161,Strawberry Popping Boba,0.95,Topping,,Strawberry Popping Boba
162,Boba,0.75,Topping,,Boba
163,Mango Jelly,0.75,Topping,,Mango Jelly
164,Aloe Jelly,0.95,Topping,,Aloe Jelly
165,Nata Jelly,0.75,Topping,,Nata Jelly
166,Herbal Jelly,0.75,Topping,,Herbal Jelly
167,Milk Cap,1.25,Topping,,Milk Cap
168,Crystal Boba,0.95,Topping,,Crystal Boba
169,Grape Popping Boba,0.95,Topping,,Grape Popping Boba
170,Mango Popping Boba,0.95,Topping,,Mango Popping Boba
171,Coffee Popping Boba,0.95,Topping,,Coffee Popping Boba
172,Red Bean,0.75,Topping,,Red Bean
173,OREO,0.75,Topping,,OREO
174,Pudding,0.75,Topping,,Pudding
175,Chia Seeds,0.75,Topping,,Chia Seeds
176,Strawberry Milk Cap,1.25,Topping,,Strawberry Milk Cap
177,120% Sugar,0,Modification,,120% Sugar
178,100% Sugar,0,Modification,,100% Sugar
179,70% Sugar,0,Modification,,70% Sugar
180,50% Sugar,0,Modification,,50% Sugar
181,30% Sugar,0,Modification,,30% Sugar
182,0% Sugar,0,Modification,,0% Sugar
183,No Ice,0,Modification,,No Ice
184,Less Ice,0,Modification,,Less Ice
185,Regular Ice,0,Modification,,Regular Ice
186,More Ice,0,Modification,,More Ice
187,Boba Straws,0,Modification,,Boba Straws
188,Normal Straws,0,Modification,,Normal Straws
189,Napkins,0,Modification,,Napkins
190,Bag,0,Modification,,Bag
191,Drink Carriers,0,Modification,,Drink Carriers
192,Pumpkin Cold Brew,7.25,Seasonal,https://d1ouk4tp1vcuss.cloudfront.net/s3.amazonaws.com/ODNUploads/68e3b6e2b06c9bd3dd45d9317e24edc6e9baa00fce6ff6fab4fb70181bad3279f7223b4bb5c5a95b0e1efd0b0635ba5404fce668090bccf5e23c842bce70961b60df6a2594fbf.jpeg?mode=crop&v=1&width=250&height=200,"Smooth cold brew topped with a creamy pumpkin milk cap, blending bold coffee with seasonal flavor."
193,Matcha Cold Brew,7.75,Seasonal,https://d1ouk4tp1vcuss.cloudfront.net/s3.amazonaws.com/ODNUploads/68e3b6e2ea74e15944a585c2c205eba291d551ff210b607999286f46f1372aa02f639fd22182e3622f550cf586c5485c740198a8a20d1e6d2a505955e422949064bff16a3df41.jpeg?mode=crop&v=1&width=250&height=200,"Bold, smooth cold brew layered with a velvety matcha milk cap for a refreshing coffee-meets-tea experience."
194,Pumpkin Cap Dirty Chai,6.70,Seasonal,https://d1ouk4tp1vcuss.cloudfront.net/s3.amazonaws.com/ODNUploads/68e3b6e31e698b5bcbd40ff8f4838fb6c3bc659cc7bde2009ec5af5c3f2f363e9cedd50449afc5442e9415a484301be2a93923d91c1db67d565e9961f2ce16ed3fcdc20919e7f.jpeg?mode=crop&v=1&width=250&height=200,Bold black tea and espresso layered with a creamy pumpkin milk cap and a touch of cinnamon for a cozy seasonal twist.
195,Double Pumpkin Matcha,7.75,Seasonal,https://d1ouk4tp1vcuss.cloudfront.net/s3.amazonaws.com/ODNUploads/68e3b6e353114b0d118ede2b3210509177072dd76ab4501653d1ddf35e17d9c080900e9adedf59be0ddb40827543382e69a86a0164404bc5df6448915160d50fc02b94f07d8e5.jpeg?mode=crop&v=1&width=250&height=200,"Sweet matcha blended with pumpkin sauce, topped with a creamy pumpkin milk cap and a sprinkle of cinnamon for a warm, festive finish."
196,Hot Apple Cider,6.05,Seasonal,https://d1ouk4tp1vcuss.cloudfront.net/s3.amazonaws.com/ODNUploads/68e3b6e3939769bd139c2b435ebbf869df834e0746d907ceda281ff60b99f0496efaa6a040549b61efc0387e80904dfab611bb48a998809c5c96d247c3a9b70c2d0444d10904a.jpeg?mode=crop&v=1&width=250&height=200,"A warm, honey-sweetened apple drink with a hint of cinnamon, perfect for sipping on chilly days."
197,Pumpkin Spice Latte,6.75,Seasonal,https://d1ouk4tp1vcuss.cloudfront.net/s3.amazonaws.com/ODNUploads/68ee8560aea6d11bad6b88998c9d7eeaddaf0572d3634a7d1ecf82f6878adf885466afd8453f516d01a077e1695280b7deecf9c082de2b5558d8c23561427599b5a0e907e6426.jpeg?mode=crop&v=1&width=250&height=200,"Pumpkin and cinnamon come together in a smooth, comforting holiday classic."
198,Peppermint Milk Tea,5.95,Seasonal,https://d1ouk4tp1vcuss.cloudfront.net/s3.amazonaws.com/ODNUploads/69170ce1dbb203b9bce41408eee371141e32190c47f8002d0b00bda720359247addbfed82f0a87a2b59f26a6f2d23e9b22189b8461c6631ac4b4e7fe64cc5ffaae3f1b8077e58.jpeg?mode=crop&v=1&width=250&height=200,A festive combination of peppermint and chocolate with our signature Kung Fu milk tea. A treat to savor all season long.
199,Mint OREO Slush,7.75,Seasonal,https://d1ouk4tp1vcuss.cloudfront.net/s3.amazonaws.com/ODNUploads/69170ce195a5d86fae8caf981c47254d7cf39ce8fdcdd02b5c9c8a2a3327fc9e5278b80b9bd4e4661a34f54b973bf916aa3b40c769b2b30122cd3d7788d1221ff37b7eacf83dc.jpeg?mode=crop&v=1&width=250&height=200,Peppermint & chocolate combined with a hint of Oreo. Blended together for a creamy yet refreshing holiday flavor.